# Incoming morph	analyses	stem part	continuations...	#<- HEADERS
N_BACK_DERIV_JA	Dja	{DB}j	N_MAKKARA
N_BACK_DERIV_VAINEN	Dva|Dinen	{DB}vai	N_AAKKOSTAMINEN
N_FRONT_DERIV_JÄ	Dja	{DB}j	N_HÄKKYRÄ
N_FRONT_DERIV_VUUS	Dva|Duus	{DB}vyy	N_KÖYHYYS
N_FRONT_DERIV_VÄINEN	Dva|Dinen	{DB}väi	N_KYLKIÄINEN
V_BACK_3SG_A_PI	Vact|Tpres|Psg3	{MB}a	V_BACK_3SG_PI_DIAL	V_BACK_CLIT_OPT
V_BACK_3SG_A	Vact|Tpres|Psg3	{MB}a	V_BACK_3SG_PI_DIAL	V_BACK_CLIT_OPT
V_BACK_3SG_A			V_BACK_3SG_VI_ARCH
V_BACK_3SG_E	Vact|Tpres|Psg3	{MB}e	V_BACK_3SG_PI_DIAL	V_BACK_CLIT_OPT
V_BACK_3SG_E			V_BACK_3SG_VI_ARCH
V_BACK_3SG_I	Vact|Tpres|Psg3	{MB}i	V_BACK_3SG_PI_DIAL	V_BACK_CLIT_OPT
V_BACK_3SG_I			V_BACK_3SG_VI_ARCH
V_BACK_3SG_O_PI	Vact|Tpres|Psg3	{MB}o	V_BACK_3SG_PI_DIAL	V_BACK_CLIT_OPT
V_BACK_3SG_O	Vact|Tpres|Psg3	{MB}o	V_BACK_3SG_PI_DIAL	V_BACK_CLIT_OPT
V_BACK_3SG_O			V_BACK_3SG_VI_ARCH
V_BACK_3SG_U	Vact|Tpres|Psg3	{MB}u	V_BACK_3SG_PI_DIAL	V_BACK_CLIT_OPT
V_BACK_3SG_U			V_BACK_3SG_VI_ARCH
V_BACK_3SG_PI_DIAL	Udial	pi	V_BACK_CLIT_OPT
V_BACK_3SG_VI_ARCH	Vact|Tpres|Psg3|Uarch	{MB}vi	V_BACK_CLIT_OPT
V_BACK_AINF	Vact|Ia|Xlat	{MB}a	V_BACK_CLIT_OPT
V_BACK_AINF	Vact|Ia|Xtra	{MB}a{MB}kse	V_BACK_POSS_EN_OBL
V_BACK_CLIT_KIN_KAAN_OPT	Qkaan	{MB}kaan	#
V_BACK_CLIT_KIN_KAAN_OPT	Qkin	{MB}kin	#
V_BACK_CLIT_KIN_KAAN_OPT			#
V_BACK_CLIT_OPT			V_BACK_CLIT	#
V_BACK_CLIT	Qhan	{MB}han	#
V_BACK_CLIT	Qhan|Qkaan	{MB}han{MB}kaan	#
V_BACK_CLIT	Qhan|Qko	{MB}han{MB}ko	#
V_BACK_CLIT	Qhan|Qpa	{MB}han{MB}pa	#
V_BACK_CLIT	Qkaan	{MB}kaan	#
V_BACK_CLIT	Qkaan|Qhan	{MB}kaan{MB}han	#
V_BACK_CLIT	Qkaan|Qkin	{MB}kaan{MB}kin	#
V_BACK_CLIT	Qkaan|Qko	{MB}kaan{MB}ko	#
V_BACK_CLIT	Qkaan|Qpa	{MB}kaan{MB}pa	#
V_BACK_CLIT	Qkin	{MB}kin	#
V_BACK_CLIT	Qkin|Qhan	{MB}kin{MB}han	#
V_BACK_CLIT	Qkin|Qkaan	{MB}kin{MB}kaan	#
V_BACK_CLIT	Qkin|Qko	{MB}kin{MB}ko	#
V_BACK_CLIT	Qkin|Qpa	{MB}kin{MB}pa	#
V_BACK_CLIT	Qko	{MB}ko	#
V_BACK_CLIT	Qko|Qhan	{MB}ko{MB}han	#
V_BACK_CLIT	Qko|Qkaan	{MB}ko{MB}kaan	#
V_BACK_CLIT	Qko|Qkin	{MB}ko{MB}kin	#
V_BACK_CLIT	Qko|Qpa	{MB}ko{MB}pa	#
V_BACK_CLIT	Qko|Qs	{MB}ko{MB}s	#
V_BACK_CLIT	Qko|Udial	{MB}ks	#
V_BACK_CLIT	Qpa	{MB}pa	#
V_BACK_CLIT	Qpa|Qhan	{MB}pa{MB}han	#
V_BACK_CLIT	Qpa|Qkaan	{MB}pa{MB}kaan	#
V_BACK_CLIT	Qpa|Qkin	{MB}pa{MB}kin	#
V_BACK_CLIT	Qpa|Qko	{MB}pa{MB}ko	#
V_BACK_CLIT	Qpa|Qs	{MB}pa{MB}s	#
V_BACK_CLIT_S_OPT			V_BACK_CLIT	V_BACK_CLIT_S	#
V_BACK_CLIT_S	Qs	{MB}s	#
V_BACK_CONDITIONAL	Vact|Tcond|Ncon	{MB}isi	V_BACK_CLIT_KIN_KAAN_OPT
V_BACK_CONDITIONAL	Vact|Tcond|Ncon|Udial	{MB}is	V_BACK_CLIT_KIN_KAAN_OPT
V_BACK_CONDITIONAL	Vact|Tcond|Ppl1	{MB}isi{MB}mme	V_BACK_CLIT_OPT
V_BACK_CONDITIONAL	Vact|Tcond|Ppl2	{MB}isi{MB}tte	V_BACK_CLIT_OPT
V_BACK_CONDITIONAL	Vact|Tcond|Ppl3	{MB}isi{MB}vat	V_BACK_CLIT_OPT
V_BACK_CONDITIONAL	Vact|Tcond|Psg1	{MB}isi{MB}n	V_BACK_CLIT_OPT
V_BACK_CONDITIONAL	Vact|Tcond|Psg2	{MB}isi{MB}t	V_BACK_CLIT_OPT
V_BACK_CONDITIONAL	Vact|Tcond|Psg3	{MB}isi	V_BACK_CLIT_OPT
V_BACK_CONDITIONAL	Vact|Tcond|Psg3|Udial	{MB}is	V_BACK_CLIT_OPT
V_BACK_DERIV_CAUSATIVE	Dtattaa	{DB}tat	V_VIEROITTAA
V_BACK_DERIV_CAUSATIVE	Dtatuttaa	{DB}tatut	V_VIEROITTAA
V_BACK_DERIV_CAUSATIVE	Dttaa	{DB}t	V_VIEROITTAA
V_BACK_DERIV_PCPS	Cma	{MB}m	V_BACK_INSTRUCTIVE_POSS	#
V_BACK_DERIV_PCPS	Cmaton	{MB}maton	#
V_BACK_DERIV_PCPS	Dma	{DB}m	A_AALTOILEVA
V_BACK_DERIV_PCPS	Dmaton|Duus	{DB}mattomuu	N_AAKKOSELLISUUS
V_BACK_DERIV_PCPS	Dmaton	{DB}mat	A_VIATON
V_BACK_DERIV_PCPS	Dminen	{DB}mi	N_AAKKOSTAMINEN
V_BACK_DERIV_PCPS	Iminen	{MB}minen	#
V_BACK_DERIV_PCPS	Vact|Cva|Npl	{MB}va{MB}t	#
V_BACK_DERIV_PCPS	Vact|Cva|Nsg	{MB}va	#
V_BACK_DERIV_PCPS	Dva|Dinen	{DB}vai	N_AAKKOSTAMINEN
V_BACK_DERIV_PCPS	Dva	{DB}v	A_AALTOILEVA
V_BACK_DERIV_TUUS	Dtu|Duus	{DB}tuu	N_AAKKOSELLISUUS
V_BACK_DERIV_U	Du	{DB}u	N_SEIKKAILU
V_BACK_DERIV_VUUS	Dva|Duus	{DB}vuu	N_AAKKOSELLISUUS
V_BACK_EINF	Vact|Ie|Xine	{MB}e{MB}ssa	V_BACK_POSS_AN_OPT
V_BACK_EINF	Vact|Ie|Xins	{MB}e{MB}n	V_BACK_CLIT_OPT
V_BACK_IMPERATIVE_ARCHAIC	Vact|Timp|Ppl2|Uarch	{MB}kaa{MB}tten	V_BACK_CLIT_OPT
V_BACK_IMPERATIVE_ARCHAIC	Vact|Timp|Ppl2|Uarch	{MB}kaa{MB}tte	V_BACK_CLIT_OPT
V_BACK_IMPERATIVE_ARCHAIC	Vact|Timp|Psg1|Uarch	{MB}kaa{MB}mi	V_BACK_CLIT_OPT
V_BACK_IMPERATIVE_ARCHAIC	Vact|Timp|Psg1|Uarch	{MB}kaa{MB}ni	V_BACK_CLIT_OPT
V_BACK_IMPERATIVE_ARCHAIC	Vact|Topt|Ppl1|Uarch	{MB}koo{MB}mme	V_BACK_CLIT_OPT
V_BACK_IMPERATIVE_ARCHAIC	Vact|Topt|Psg2|Uarch	{MB}koo{MB}tte	V_BACK_CLIT_OPT
V_BACK_IMPERATIVE	Vact|Timp|Ncon	{MB}ko	V_BACK_CLIT_KIN_KAAN_OPT
V_BACK_IMPERATIVE	Vact|Timp|Ppl1	{MB}kaa{MB}mme	V_BACK_CLIT_OPT
V_BACK_IMPERATIVE	Vact|Timp|Ppl2	{MB}kaa	V_BACK_CLIT_S_OPT
V_BACK_IMPERATIVE	Vact|Timp|Ppl3	{MB}koo{MB}t	V_BACK_CLIT_OPT
V_BACK_IMPERATIVE	Vact|Timp|Ppl3|Uarch	{MB}koho{MB}t	V_BACK_CLIT_OPT
V_BACK_IMPERATIVE	Vact|Timp|Psg3	{MB}koo{MB}n	V_BACK_CLIT_OPT
V_BACK_IMPERATIVE	Vact|Timp|Psg3|Uarch	{MB}koho{MB}n	V_BACK_CLIT_OPT
V_BACK_IMPERATIVE			V_BACK_IMPERATIVE_ARCHAIC
V_BACK_INSTRUCTIVE_POSS	Npl|Xins	{MB}i	V_BACK_POSS
V_BACK_OPTATIVE_0_ARCHAIC	Vact|Topt|Psg1|Uarch	{MB}on	V_BACK_CLIT_OPT
V_BACK_OPTATIVE_0_ARCHAIC	Vact|Topt|Psg2|Uarch	{MB}os	V_BACK_CLIT_OPT
V_BACK_OPTATIVE_K_ARCHAIC	Vact|Topt|Psg1|Uarch	kon	V_BACK_CLIT_OPT
V_BACK_OPTATIVE_K_ARCHAIC	Vact|Topt|Psg2|Uarch	kos	V_BACK_CLIT_OPT
V_BACK_OPTATIVE_L_ARCHAIC	Vact|Topt|Psg1|Uarch	lon	V_BACK_CLIT_OPT
V_BACK_OPTATIVE_L_ARCHAIC	Vact|Topt|Psg2|Uarch	los	V_BACK_CLIT_OPT
V_BACK_OPTATIVE_N_ARCHAIC	Vact|Topt|Psg1|Uarch	non	V_BACK_CLIT_OPT
V_BACK_OPTATIVE_N_ARCHAIC	Vact|Topt|Psg2|Uarch	nos	V_BACK_CLIT_OPT
V_BACK_OPTATIVE_R_ARCHAIC	Vact|Topt|Psg1|Uarch	ron	V_BACK_CLIT_OPT
V_BACK_OPTATIVE_R_ARCHAIC	Vact|Topt|Psg2|Uarch	ros	V_BACK_CLIT_OPT
V_BACK_OPTATIVE_S_ARCHAIC	Vact|Topt|Psg1|Uarch	son	V_BACK_CLIT_OPT
V_BACK_OPTATIVE_S_ARCHAIC	Vact|Topt|Psg2|Uarch	sos	V_BACK_CLIT_OPT
V_BACK_PASSIVE			V_BACK_PASSIVE_DIAL
V_BACK_PASSIVE_DIAL	Vpss|Tcond|Ppe4|Ncon|Udial	{MB}ta{MB}is	V_BACK_CLIT_KIN_KAAN_OPT
V_BACK_PASSIVE_DIAL	Vpss|Tpast|Ppe4|Udial	{MB}tii	V_BACK_CLIT_OPT
V_BACK_PASSIVE	Dtava	{DB}tav	A_SUOLISTETTAVA
V_BACK_PASSIVE_D	Vpss|Tpres|Ppe4	{MB}daan	V_BACK_CLIT_S_OPT
V_BACK_PASSIVE_D	Vpss|Tpres|Ppe4|Ncon	{MB}da	V_BACK_CLIT_KIN_KAAN_OPT
V_BACK_PASSIVE_D	Vpss|Tpres|Ppe4|Uarch	{MB}dahan	V_BACK_CLIT_S_OPT
V_BACK_PASSIVE_L	Vpss|Tpres|Ppe4	{MB}laan	V_BACK_CLIT_S_OPT
V_BACK_PASSIVE_L	Vpss|Tpres|Ppe4|Ncon	{MB}la	V_BACK_CLIT_KIN_KAAN_OPT
V_BACK_PASSIVE_L	Vpss|Tpres|Ppe4|Uarch	{MB}lahan	V_BACK_CLIT_S_OPT
V_BACK_PASSIVE_N	Vpss|Tpres|Ppe4	{MB}naan	V_BACK_CLIT_S_OPT
V_BACK_PASSIVE_N	Vpss|Tpres|Ppe4|Ncon	{MB}na	V_BACK_CLIT_KIN_KAAN_OPT
V_BACK_PASSIVE_N	Vpss|Tpres|Ppe4|Uarch	{MB}nahan	V_BACK_CLIT_S_OPT
V_BACK_PASSIVE_R	Vpss|Tpres|Ppe4|Ncon	{MB}ra	V_BACK_CLIT_KIN_KAAN_OPT
V_BACK_PASSIVE_R	Vpss|Tpres|Ppe4	{MB}raan	V_BACK_CLIT_S_OPT
V_BACK_PASSIVE_R	Vpss|Tpres|Ppe4|Uarch	{MB}rahan	V_BACK_CLIT_S_OPT
V_BACK_PASSIVE_T	Vpss|Tpres|Ppe4|Ncon	{MB}ta	V_BACK_CLIT_KIN_KAAN_OPT
V_BACK_PASSIVE_T	Vpss|Tpres|Ppe4	{MB}taan	V_BACK_CLIT_S_OPT
V_BACK_PASSIVE_T	Vpss|Tpres|Ppe4|Uarch	{MB}tahan	V_BACK_CLIT_S_OPT
V_BACK_PASSIVE	Vpss|Cva|Npl	{MB}ta{MB}va{MB}t	#
V_BACK_PASSIVE	Vpss|Cva|Nsg	{MB}ta{MB}va	#
V_BACK_PASSIVE	Vpss|Ie|Xine	{MB}ta{MB}e{MB}ssa	V_BACK_CLIT_OPT
V_BACK_PASSIVE	Vpss|Ie|Xins	{MB}ta{MB}e{MB}n	V_BACK_CLIT_OPT
V_BACK_PASSIVE	Vpss|Ima|Xins	{MB}ta{MB}man	V_BACK_CLIT_OPT
V_BACK_PASSIVE	Vpss|Tcond|Ppe4|Ncon	{MB}ta{MB}isi	V_BACK_CLIT_KIN_KAAN_OPT
V_BACK_PASSIVE	Vpss|Tcond|Ppe4	{MB}ta{MB}isiin	V_BACK_CLIT_OPT
V_BACK_PASSIVE	Vpss|Timp|Ppe4|Ncon	{MB}ta{MB}ko	V_BACK_CLIT_KIN_KAAN_OPT
V_BACK_PASSIVE	Vpss|Timp|Ppe4	{MB}ta{MB}koon	V_BACK_CLIT_OPT
V_BACK_PASSIVE	Vpss|Timp|Ppe4|Uarch	{MB}ta{MB}kohon	V_BACK_CLIT_OPT
V_BACK_PASSIVE	Vpss|Tpast|Ppe4	{MB}tiin	V_BACK_CLIT_OPT
V_BACK_PASSIVE	Vpss|Tpast|Ppe4|Uarch	{MB}tihin	V_BACK_CLIT_OPT
V_BACK_PASSIVE	Vpss|Tpot|Ppe4|Ncon	{MB}ta{MB}ne	V_BACK_CLIT_KIN_KAAN_OPT
V_BACK_PASSIVE	Vpss|Tpot|Ppe4	{MB}ta{MB}neen	V_BACK_CLIT_OPT
V_BACK_PASSIVE	Vpss|Tpot|Ppe4|Uarch	{MB}ta{MB}nehen	V_BACK_CLIT_OPT
V_BACK_POSS_AN	O3	{MB}an	V_BACK_CLIT_OPT
V_BACK_POSS_AN	O3|Uarch	{MB}han	V_BACK_CLIT_OPT
V_BACK_POSS_AN_OBL			V_BACK_POSS	V_BACK_POSS_AN
V_BACK_POSS_AN_OPT			V_BACK_POSS	V_BACK_POSS_AN	V_BACK_CLIT_OPT
V_BACK_POSS_EN	O3	{MB}en	V_BACK_CLIT_OPT
V_BACK_POSS_EN	O3|Uarch	{MB}hen	V_BACK_CLIT_OPT
V_BACK_POSS_EN_OBL			V_BACK_POSS	V_BACK_POSS_EN
V_BACK_POSS	O3	{MB}nsa	V_BACK_CLIT_OPT
V_BACK_POSS	Opl1	{MB}mme	V_BACK_CLIT_OPT
V_BACK_POSS	Opl2	{MB}nne	V_BACK_CLIT_OPT
V_BACK_POSS_OPT			V_BACK_POSS	#
V_BACK_POSS	Osg1	{MB}ni	V_BACK_CLIT_OPT
V_BACK_POSS	Osg2	{MB}si	V_BACK_CLIT_OPT
V_BACK_POTENTIAL_L	Dnut	{DB}l	A_KULUNUT
V_BACK_POTENTIAL_L	Vact|Cnut|Npl	{MB}lee{MB}t	#
V_BACK_POTENTIAL_L	Vact|Cnut|Npl|Uarch	{MB}lehe{MB}t	#
V_BACK_POTENTIAL_L	Vact|Cnut|Nsg	{MB}lut	#
V_BACK_POTENTIAL_L	Vact|Cnut|Nsg|Udial	{MB}lu	#
V_BACK_POTENTIAL_L	Vact|Tpast|Npl|Ncon	{MB}lee{MB}t	V_BACK_CLIT_KIN_KAAN_OPT
V_BACK_POTENTIAL_L	Vact|Tpast|Npl|Ncon|Uarch	{MB}lehe{MB}t	V_BACK_CLIT_KIN_KAAN_OPT
V_BACK_POTENTIAL_L	Vact|Tpast|Nsg|Ncon	{MB}lut	V_BACK_CLIT_KIN_KAAN_OPT
V_BACK_POTENTIAL_L	Vact|Tpast|Nsg|Ncon|Udial	{MB}lu	V_BACK_CLIT_KIN_KAAN_OPT
V_BACK_POTENTIAL_L	Vact|Tpot|Ncon	{MB}le	V_BACK_CLIT_KIN_KAAN_OPT
V_BACK_POTENTIAL_L	Vact|Tpot|Ppl1	{MB}lem{MB}me	V_BACK_CLIT_OPT
V_BACK_POTENTIAL_L	Vact|Tpot|Ppl2	{MB}let{MB}te	V_BACK_CLIT_OPT
V_BACK_POTENTIAL_L	Vact|Tpot|Ppl3	{MB}le{MB}vat	V_BACK_CLIT_OPT
V_BACK_POTENTIAL_L	Vact|Tpot|Psg1	{MB}le{MB}n	V_BACK_CLIT_OPT
V_BACK_POTENTIAL_L	Vact|Tpot|Psg2	{MB}le{MB}t	V_BACK_CLIT_OPT
V_BACK_POTENTIAL_L	Vact|Tpot|Psg3	{MB}le{MB}e	V_BACK_CLIT_OPT
V_BACK_POTENTIAL_N	Dnut	{DB}n	A_KULUNUT
V_BACK_POTENTIAL_N	Vact|Cnut|Npl	{MB}nee{MB}t	#
V_BACK_POTENTIAL_N	Vact|Cnut|Npl|Uarch	{MB}nehe{MB}t	#
V_BACK_POTENTIAL_N	Vact|Cnut|Nsg	{MB}nut	#
V_BACK_POTENTIAL_N	Vact|Cnut|Nsg|Udial	{MB}nu	#
V_BACK_POTENTIAL_N	Vact|Tpast|Npl|Ncon	{MB}nee{MB}t	V_BACK_CLIT_KIN_KAAN_OPT
V_BACK_POTENTIAL_N	Vact|Tpast|Npl|Ncon|Uarch	{MB}nehe{MB}t	V_BACK_CLIT_KIN_KAAN_OPT
V_BACK_POTENTIAL_N	Vact|Tpast|Nsg|Ncon	{MB}nut	V_BACK_CLIT_KIN_KAAN_OPT
V_BACK_POTENTIAL_N	Vact|Tpast|Nsg|Ncon|Udial	{MB}nu	V_BACK_CLIT_KIN_KAAN_OPT
V_BACK_POTENTIAL_N	Vact|Tpot|Ncon	{MB}ne{MB}	V_BACK_CLIT_KIN_KAAN_OPT
V_BACK_POTENTIAL_N	Vact|Tpot|Ppl1	{MB}ne{MB}mme	V_BACK_CLIT_OPT
V_BACK_POTENTIAL_N	Vact|Tpot|Ppl2	{MB}ne{MB}tte	V_BACK_CLIT_OPT
V_BACK_POTENTIAL_N	Vact|Tpot|Ppl3	{MB}ne{MB}vat	V_BACK_CLIT_OPT
V_BACK_POTENTIAL_N	Vact|Tpot|Psg1	{MB}ne{MB}n	V_BACK_CLIT_OPT
V_BACK_POTENTIAL_N	Vact|Tpot|Psg2	{MB}ne{MB}t	V_BACK_CLIT_OPT
V_BACK_POTENTIAL_N	Vact|Tpot|Psg3	{MB}ne{MB}e	V_BACK_CLIT_OPT
V_BACK_POTENTIAL_R	Dnut	{DB}r	A_KULUNUT
V_BACK_POTENTIAL_R	Vact|Cnut|Npl	{MB}ree{MB}t	#
V_BACK_POTENTIAL_R	Vact|Cnut|Npl|Uarch	{MB}rehe{MB}t	#
V_BACK_POTENTIAL_R	Vact|Cnut|Nsg	{MB}rut	#
V_BACK_POTENTIAL_R	Vact|Cnut|Nsg|Udial	{MB}ru	#
V_BACK_POTENTIAL_R	Vact|Tpast|Npl|Ncon	{MB}ree{MB}t	V_BACK_CLIT_KIN_KAAN_OPT
V_BACK_POTENTIAL_R	Vact|Tpast|Npl|Ncon|Uarch	{MB}rehe{MB}t	V_BACK_CLIT_KIN_KAAN_OPT
V_BACK_POTENTIAL_R	Vact|Tpast|Nsg|Ncon	{MB}rut	V_BACK_CLIT_KIN_KAAN_OPT
V_BACK_POTENTIAL_R	Vact|Tpast|Nsg|Ncon|Udial	{MB}ru	V_BACK_CLIT_KIN_KAAN_OPT
V_BACK_POTENTIAL_R	Vact|Tpot|Ncon	{MB}re	V_BACK_CLIT_KIN_KAAN_OPT
V_BACK_POTENTIAL_R	Vact|Tpot|Ppl1	{MB}re{MB}mme	V_BACK_CLIT_OPT
V_BACK_POTENTIAL_R	Vact|Tpot|Ppl2	{MB}re{MB}tte	V_BACK_CLIT_OPT
V_BACK_POTENTIAL_R	Vact|Tpot|Ppl3	{MB}re{MB}vat	V_BACK_CLIT_OPT
V_BACK_POTENTIAL_R	Vact|Tpot|Psg1	{MB}re{MB}n	V_BACK_CLIT_OPT
V_BACK_POTENTIAL_R	Vact|Tpot|Psg2	{MB}re{MB}t	V_BACK_CLIT_OPT
V_BACK_POTENTIAL_R	Vact|Tpot|Psg3	{MB}re{MB}e	V_BACK_CLIT_OPT
V_BACK_POTENTIAL_S	Dnut	{DB}s	A_KULUNUT
V_BACK_POTENTIAL_S	Vact|Cnut|Npl	{MB}see{MB}t	#
V_BACK_POTENTIAL_S	Vact|Cnut|Npl|Uarch	{MB}sehe{MB}t	#
V_BACK_POTENTIAL_S	Vact|Cnut|Nsg	{MB}sut	#
V_BACK_POTENTIAL_S	Vact|Cnut|Nsg|Udial	{MB}su	#
V_BACK_POTENTIAL_S	Vact|Tpast|Npl|Ncon	{MB}see{MB}t	V_BACK_CLIT_KIN_KAAN_OPT
V_BACK_POTENTIAL_S	Vact|Tpast|Npl|Ncon|Uarch	{MB}sehe{MB}t	V_BACK_CLIT_KIN_KAAN_OPT
V_BACK_POTENTIAL_S	Vact|Tpast|Nsg|Ncon	{MB}sut	V_BACK_CLIT_KIN_KAAN_OPT
V_BACK_POTENTIAL_S	Vact|Tpast|Nsg|Ncon|Udial	{MB}su	V_BACK_CLIT_KIN_KAAN_OPT
V_BACK_POTENTIAL_S	Vact|Tpot|Ncon	{MB}se	V_BACK_CLIT_KIN_KAAN_OPT
V_BACK_POTENTIAL_S	Vact|Tpot|Ppl1	{MB}se{MB}mme	V_BACK_CLIT_OPT
V_BACK_POTENTIAL_S	Vact|Tpot|Ppl2	{MB}se{MB}tte	V_BACK_CLIT_OPT
V_BACK_POTENTIAL_S	Vact|Tpot|Ppl3	{MB}se{MB}vat	V_BACK_CLIT_OPT
V_BACK_POTENTIAL_S	Vact|Tpot|Psg1	{MB}se{MB}n	V_BACK_CLIT_OPT
V_BACK_POTENTIAL_S	Vact|Tpot|Psg2	{MB}se{MB}t	V_BACK_CLIT_OPT
V_BACK_POTENTIAL_S	Vact|Tpot|Psg3	{MB}se{MB}e	V_BACK_CLIT_OPT
V_BACK_STRONG_PAST	Vact|Tpast|Ppl3	{MB}i{MB}vat	V_BACK_CLIT_OPT
V_BACK_STRONG_PAST	Vact|Tpast|Psg3	{MB}i	V_BACK_CLIT_OPT
V_BACK_STRONG_PRESENT	Vact|Dmaisilla	{DB}maisilla	V_BACK_POSS_AN_OBL
V_BACK_STRONG_PRESENT	Vact|Ima|Xabe	{MB}ma{MB}tta	V_BACK_POSS_AN_OPT
V_BACK_STRONG_PRESENT	Vact|Ima|Xade	{MB}ma{MB}lla	V_BACK_CLIT_OPT
V_BACK_STRONG_PRESENT	Vact|Ima|Xela	{MB}ma{MB}sta	V_BACK_CLIT_OPT
V_BACK_STRONG_PRESENT	Vact|Ima|Xill	{MB}ma{MB}an	V_BACK_CLIT_OPT
V_BACK_STRONG_PRESENT	Vact|Ima|Xill|Uarch	{MB}ma{MB}han	V_BACK_CLIT_OPT
V_BACK_STRONG_PRESENT	Vact|Ima|Xine	{MB}ma{MB}ssa	V_BACK_CLIT_OPT
V_BACK_STRONG_PRESENT	Vact|Ima|Xins	{MB}ma	V_BACK_POSS
V_BACK_STRONG_PRESENT	Vact|Ima|Xins	{MB}ma{MB}n	V_BACK_CLIT_OPT
V_BACK_STRONG_PRESENT	Vact|Tpres|Ppl3	{MB}vat	V_BACK_CLIT_OPT
V_BACK_TUPCP_0	Dtu	{DB}	A_VIMMATTU
V_BACK_TUPCP_0	Vpss|Cnut|Npl	{MB}u{MB}t	#
V_BACK_TUPCP_0	Vpss|Cnut|Nsg	{MB}tu	#
V_BACK_TUPCP_0	Vpss|Tpast|Ppe4|Ncon	{MB}tu	V_BACK_CLIT_KIN_KAAN_OPT
V_BACK_TUPCP_D	Dtu	{DB}	A_VIIPALOITU
V_BACK_TUPCP_D	Vpss|Cnut|Npl	{MB}dut	#
V_BACK_TUPCP_D	Vpss|Cnut|Nsg	{MB}tu	#
V_BACK_TUPCP_D	Vpss|Tpast|Ppe4|Ncon	{MB}tu	V_BACK_CLIT_KIN_KAAN_OPT
V_BACK_TUPCP_L	Dtu	{DB}	A_PARANNELTU
V_BACK_TUPCP_L	Vpss|Cnut|Npl	{MB}lu{MB}t	#
V_BACK_TUPCP_L	Vpss|Cnut|Nsg	{MB}tu	#
V_BACK_TUPCP_L	Vpss|Tpast|Ppe4|Ncon	{MB}tu	V_BACK_CLIT_KIN_KAAN_OPT
V_BACK_TUPCP_N	Dtu	{DB}	A_PANTU
V_BACK_TUPCP_N	Vpss|Cnut|Npl	{MB}nu{MB}t	#
V_BACK_TUPCP_N	Vpss|Cnut|Nsg	{MB}tu	#
V_BACK_TUPCP_N	Vpss|Tpast|Ppe4|Ncon	{MB}tu	V_BACK_CLIT_KIN_KAAN_OPT
V_BACK_TUPCP_R	Dtu	{DB}	A_PURTU
V_BACK_TUPCP_R	Vpss|Cnut|Npl	{MB}ru{MB}t	#
V_BACK_TUPCP_R	Vpss|Cnut|Nsg	{MB}tu	#
V_BACK_TUPCP_R	Vpss|Tpast|Ppe4|Ncon	{MB}tu	V_BACK_CLIT_KIN_KAAN_OPT
V_BACK_TUPCP_STRONG	Dtu	%{DB}tu	A_VALKAISTU
V_BACK_TUPCP_STRONG	Vpss|Cnut|Npl	{MB}tu{MB}t	#
V_BACK_TUPCP_STRONG	Vpss|Cnut|Nsg	{MB}tu	#
V_BACK_TUPCP_STRONG	Vpss|Tpast|Ppe4|Ncon	{MB}tu	V_BACK_CLIT_KIN_KAAN_OPT
V_BACK_WEAK_PAST			V_WEAK_PAST_DIAL_CLIT_KS
V_BACK_WEAK_PAST	Vact|Tpast|Ppl1	{MB}i{MB}mme	V_BACK_CLIT_OPT
V_BACK_WEAK_PAST	Vact|Tpast|Ppl2	{MB}i{MB}tte	V_BACK_CLIT_OPT
V_BACK_WEAK_PAST	Vact|Tpast|Psg1	{MB}i{MB}n	V_BACK_CLIT_OPT
V_BACK_WEAK_PAST	Vact|Tpast|Psg2	{MB}i{MB}t	V_BACK_CLIT_OPT
V_BACK_WEAK_PRESENT			V_WEAK_PRESENT_DIAL_CLIT_KS
V_BACK_WEAK_PRESENT	Vact|Timp|Psg2		V_BACK_CLIT_S_OPT
V_BACK_WEAK_PRESENT	Vact|Tpres|Ncon		V_BACK_CLIT_KIN_KAAN_OPT
V_BACK_WEAK_PRESENT	Vact|Tpres|Ppl1	{MB}mme	V_BACK_CLIT_OPT
V_BACK_WEAK_PRESENT	Vact|Tpres|Ppl2	{MB}tte	V_BACK_CLIT_OPT
V_BACK_WEAK_PRESENT	Vact|Tpres|Psg1	{MB}n	V_BACK_CLIT_OPT
V_BACK_WEAK_PRESENT	Vact|Tpres|Psg2	{MB}t	V_BACK_CLIT_OPT
V_FRONT_3SG_E_PI	Vact|Tpres|Psg3	{MB}e	V_FRONT_3SG_PI_DIAL	V_FRONT_CLIT_OPT
V_FRONT_3SG_E	Vact|Tpres|Psg3	{MB}e	V_FRONT_3SG_PI_DIAL	V_FRONT_CLIT_OPT
V_FRONT_3SG_E			V_FRONT_3SG_VI_ARCH
V_FRONT_3SG_I	Vact|Tpres|Psg3	{MB}i	V_FRONT_3SG_PI_DIAL	V_FRONT_CLIT_OPT
V_FRONT_3SG_I			V_FRONT_3SG_VI_ARCH
V_FRONT_3SG_Y_PI	Vact|Tpres|Psg3	{MB}y	V_FRONT_3SG_PI_DIAL	V_FRONT_CLIT_OPT
V_FRONT_3SG_Y	Vact|Tpres|Psg3	{MB}y	V_FRONT_3SG_PI_DIAL	V_FRONT_CLIT_OPT
V_FRONT_3SG_Y			V_FRONT_3SG_VI_ARCH
V_FRONT_3SG_Ä_PI	Vact|Tpres|Psg3	{MB}ä	V_FRONT_3SG_PI_DIAL	V_FRONT_CLIT_OPT
V_FRONT_3SG_Ä	Vact|Tpres|Psg3	{MB}ä	V_FRONT_3SG_PI_DIAL	V_FRONT_CLIT_OPT
V_FRONT_3SG_Ä			V_FRONT_3SG_VI_ARCH
V_FRONT_3SG_Ö_PI	Vact|Tpres|Psg3	{MB}ö	V_FRONT_3SG_PI_DIAL	V_FRONT_CLIT_OPT
V_FRONT_3SG_Ö	Vact|Tpres|Psg3	{MB}ö	V_FRONT_3SG_PI_DIAL	V_FRONT_CLIT_OPT
V_FRONT_3SG_Ö			V_FRONT_3SG_VI_ARCH
V_FRONT_3SG_PI_DIAL	Udial	pi	V_FRONT_CLIT_OPT
V_FRONT_3SG_VI_ARCH	Vact|Tpres|Psg3|Uarch	{MB}vi	V_FRONT_CLIT_OPT
V_FRONT_AINF	Vact|Ia|Xlat	{MB}ä	V_FRONT_CLIT_OPT
V_FRONT_AINF	Vact|Ia|Xtra	{MB}ä{MB}kse	V_FRONT_POSS_EN_OBL
V_FRONT_CLIT_KIN_KAAN_OPT	Qkaan	{MB}kään	#
V_FRONT_CLIT_KIN_KAAN_OPT	Qkin	{MB}kin	#
V_FRONT_CLIT_KIN_KAAN_OPT			#
V_FRONT_CLIT_OPT			V_FRONT_CLIT	#
V_FRONT_CLIT	Qhan	{MB}hän	#
V_FRONT_CLIT	Qhan|Qkaan	{MB}hän{MB}kään	#
V_FRONT_CLIT	Qhan|Qko	{MB}hän{MB}kö	#
V_FRONT_CLIT	Qhan|Qpa	{MB}hän{MB}pä	#
V_FRONT_CLIT	Qkaan	{MB}kään	#
V_FRONT_CLIT	Qkaan|Qhan	{MB}kään{MB}hän	#
V_FRONT_CLIT	Qkaan|Qkin	{MB}kään{MB}kin	#
V_FRONT_CLIT	Qkaan|Qko	{MB}kään{MB}kö	#
V_FRONT_CLIT	Qkaan|Qpa	{MB}kään{MB}pä	#
V_FRONT_CLIT	Qkin	{MB}kin	#
V_FRONT_CLIT	Qkin|Qhan	{MB}kin{MB}hän	#
V_FRONT_CLIT	Qkin|Qkaan	{MB}kin{MB}kään	#
V_FRONT_CLIT	Qkin|Qko	{MB}kin{MB}kö	#
V_FRONT_CLIT	Qkin|Qpa	{MB}kin{MB}pä	#
V_FRONT_CLIT	Qko	{MB}kö	#
V_FRONT_CLIT	Qko|Qhan	{MB}kö{MB}hän	#
V_FRONT_CLIT	Qko|Qkaan	{MB}kö{MB}kään	#
V_FRONT_CLIT	Qko|Qkin	{MB}kö{MB}kin	#
V_FRONT_CLIT	Qko|Qpa	{MB}kö{MB}pä	#
V_FRONT_CLIT	Qko|Qs	{MB}kö{MB}s	#
V_FRONT_CLIT	Qko|Udial	{MB}ks	#
V_FRONT_CLIT	Qpa	{MB}pä	#
V_FRONT_CLIT	Qpa|Qhan	{MB}pä{MB}hän	#
V_FRONT_CLIT	Qpa|Qkaan	{MB}pä{MB}kään	#
V_FRONT_CLIT	Qpa|Qkin	{MB}pä{MB}kin	#
V_FRONT_CLIT	Qpa|Qko	{MB}pä{MB}kö	#
V_FRONT_CLIT	Qpa|Qs	{MB}pä{MB}s	#
V_FRONT_CLIT_S_OPT			V_FRONT_CLIT	V_FRONT_CLIT_S	#
V_FRONT_CLIT_S	Qs	{MB}s	#
V_FRONT_CONDITIONAL	Vact|Tcond|Ncon	{MB}isi	V_FRONT_CLIT_KIN_KAAN_OPT
V_FRONT_CONDITIONAL	Vact|Tcond|Ncon|Udial	{MB}is	V_FRONT_CLIT_KIN_KAAN_OPT
V_FRONT_CONDITIONAL	Vact|Tcond|Ppl1	{MB}isi{MB}mme	V_FRONT_CLIT_OPT
V_FRONT_CONDITIONAL	Vact|Tcond|Ppl2	{MB}isi{MB}tte	V_FRONT_CLIT_OPT
V_FRONT_CONDITIONAL	Vact|Tcond|Ppl3	{MB}isi{MB}vät	V_FRONT_CLIT_OPT
V_FRONT_CONDITIONAL	Vact|Tcond|Psg1	{MB}isi{MB}n	V_FRONT_CLIT_OPT
V_FRONT_CONDITIONAL	Vact|Tcond|Psg2	{MB}isi{MB}t	V_FRONT_CLIT_OPT
V_FRONT_CONDITIONAL	Vact|Tcond|Psg3	{MB}isi	V_FRONT_CLIT_OPT
V_FRONT_CONDITIONAL	Vact|Tcond|Psg3|Udial	{MB}is	V_FRONT_CLIT_OPT
V_FRONT_DERIV_CAUSATIVE	Dtattaa	{DB}tat	V_RÄPSYTTÄÄ
V_FRONT_DERIV_CAUSATIVE	Dtatuttaa	{DB}tatut	V_RÄPSYTTÄÄ
V_FRONT_DERIV_CAUSATIVE	Dttaa	{DB}t	V_RÄPSYTTÄÄ
V_FRONT_DERIV_PCPS	Cma|Npl	{MB}mä{MB}t	#
V_FRONT_DERIV_PCPS	Cma|Nsg	{MB}mä	V_FRONT_INSTRUCTIVE_POSS	#
V_FRONT_DERIV_PCPS	Cmaton	{MB}mätön	#
V_FRONT_DERIV_PCPS	Dma	{DB}m	A_TYÖLLISTETTÄVÄ
V_FRONT_DERIV_PCPS	Dmaton|Duus	{DB}mättömyy	N_KÖYHYYS
V_FRONT_DERIV_PCPS	Dmaton	{DB}mät	A_KYVYTÖN
V_FRONT_DERIV_PCPS	Dminen	{DB}mi	N_KYLKIÄINEN
V_FRONT_DERIV_PCPS	Dva|Dinen	{DB}väi	N_KYLKIÄINEN
V_FRONT_DERIV_PCPS	Dva	{DB}v	A_TYÖLLISTETTÄVÄ
V_FRONT_DERIV_PCPS	Iminen	{MB}minen	#
V_FRONT_DERIV_PCPS	Vact|Cva|Npl	{MB}vä{MB}t	#
V_FRONT_DERIV_PCPS	Vact|Cva|Nsg	{MB}vä	#
V_FRONT_DERIV_TYYS	Dtu|Duus	{DB}tyy	N_KÖYHYYS
V_FRONT_DERIV_Y	Du	{DB}y	N_VEHKEILY
V_FRONT_EINF	Vact|Ie|Xine	{MB}e{MB}ssä	V_FRONT_POSS_AN_OPT
V_FRONT_EINF	Vact|Ie|Xins	{MB}en	V_FRONT_CLIT_OPT
V_FRONT_IMPERATIVE_ARCHAIC	Vact|Timp|Ppl2|Uarch	{MB}kää{MB}tten	V_FRONT_CLIT_OPT
V_FRONT_IMPERATIVE_ARCHAIC	Vact|Timp|Ppl2|Uarch	{MB}kää{MB}tte	V_FRONT_CLIT_OPT
V_FRONT_IMPERATIVE_ARCHAIC	Vact|Timp|Psg1|Uarch	{MB}kää{MB}ni	V_FRONT_CLIT_OPT
V_FRONT_IMPERATIVE_ARCHAIC	Vact|Timp|Psg1|Uarch	{MB}kää{MB}mi	V_FRONT_CLIT_OPT
V_FRONT_IMPERATIVE_ARCHAIC	Vact|Topt|Ppl1|Uarch	{MB}köö{MB}mme	V_FRONT_CLIT_OPT
V_FRONT_IMPERATIVE_ARCHAIC	Vact|Topt|Psg2|Uarch	{MB}köö{MB}tte	V_FRONT_CLIT_OPT
V_FRONT_IMPERATIVE	Vact|Timp|Ncon	{MB}kö	V_FRONT_CLIT_KIN_KAAN_OPT
V_FRONT_IMPERATIVE	Vact|Timp|Ppl1	{MB}kää{MB}mme	V_FRONT_CLIT_OPT
V_FRONT_IMPERATIVE	Vact|Timp|Ppl2	{MB}kää	V_FRONT_CLIT_S_OPT
V_FRONT_IMPERATIVE	Vact|Timp|Ppl3	{MB}köö{MB}t	V_FRONT_CLIT_OPT
V_FRONT_IMPERATIVE	Vact|Timp|Ppl3|Uarch	{MB}köhö{MB}t	V_FRONT_CLIT_OPT
V_FRONT_IMPERATIVE	Vact|Timp|Psg3	{MB}köö{MB}n	V_FRONT_CLIT_OPT
V_FRONT_IMPERATIVE	Vact|Timp|Psg3|Uarch	{MB}köhö{MB}n	V_FRONT_CLIT_OPT
V_FRONT_IMPERATIVE			V_FRONT_IMPERATIVE_ARCHAIC
V_FRONT_INSTRUCTIVE_POSS	Cpos|Npl|Xins	{MB}i	V_FRONT_POSS
V_FRONT_OPTATIVE_0_ARCHAIC	Vact|Topt|Psg1|Uarch	{MB}ön	V_FRONT_CLIT_OPT
V_FRONT_OPTATIVE_0_ARCHAIC	Vact|Topt|Psg2|Uarch	{MB}ös	V_FRONT_CLIT_OPT
V_FRONT_OPTATIVE_K_ARCHAIC	Vact|Topt|Psg1|Uarch	{MB}kön	V_FRONT_CLIT_OPT
V_FRONT_OPTATIVE_K_ARCHAIC	Vact|Topt|Psg2|Uarch	{MB}kös	V_FRONT_CLIT_OPT
V_FRONT_OPTATIVE_L_ARCHAIC	Vact|Topt|Psg1|Uarch	{MB}lön	V_FRONT_CLIT_OPT
V_FRONT_OPTATIVE_L_ARCHAIC	Vact|Topt|Psg2|Uarch	{MB}lös	V_FRONT_CLIT_OPT
V_FRONT_OPTATIVE_N_ARCHAIC	Vact|Topt|Psg1|Uarch	{MB}nön	V_FRONT_CLIT_OPT
V_FRONT_OPTATIVE_N_ARCHAIC	Vact|Topt|Psg2|Uarch	{MB}nös	V_FRONT_CLIT_OPT
V_FRONT_OPTATIVE_R_ARCHAIC	Vact|Topt|Psg1|Uarch	rön	V_FRONT_CLIT_OPT
V_FRONT_OPTATIVE_R_ARCHAIC	Vact|Topt|Psg2|Uarch	rös	V_FRONT_CLIT_OPT
V_FRONT_OPTATIVE_S_ARCHAIC	Vact|Topt|Psg1|Uarch	sön	V_FRONT_CLIT_OPT
V_FRONT_OPTATIVE_S_ARCHAIC	Vact|Topt|Psg2|Uarch	sös	V_FRONT_CLIT_OPT
V_FRONT_PASSIVE			V_FRONT_PASSIVE_DIAL
V_FRONT_PASSIVE_DIAL	Vpss|Tcond|Ppe4|Ncon|Udial	{MB}tä{MB}is	V_FRONT_CLIT_KIN_KAAN_OPT
V_FRONT_PASSIVE_DIAL	Vpss|Tpast|Ppe4|Udial	{MB}tii	V_FRONT_CLIT_OPT
V_FRONT_PASSIVE	Dtava	täv	A_TYÖLLISTETTÄVÄ
V_FRONT_PASSIVE_D	Vpss|Tpres|Ppe4	{MB}dään	V_FRONT_CLIT_S_OPT
V_FRONT_PASSIVE_D	Vpss|Tpres|Ppe4|Ncon	{MB}dä	V_FRONT_CLIT_KIN_KAAN_OPT
V_FRONT_PASSIVE_D	Vpss|Tpres|Ppe4|Uarch	{MB}dähän	V_FRONT_CLIT_S_OPT
V_FRONT_PASSIVE_L	Vpss|Tpres|Ppe4	{MB}lään	V_FRONT_CLIT_S_OPT
V_FRONT_PASSIVE_L	Vpss|Tpres|Ppe4|Ncon	{MB}lä	V_FRONT_CLIT_KIN_KAAN_OPT
V_FRONT_PASSIVE_L	Vpss|Tpres|Ppe4|Uarch	{MB}lähän	V_FRONT_CLIT_S_OPT
V_FRONT_PASSIVE_N	Vpss|Tpres|Ppe4|Ncon	{MB}nä	V_FRONT_CLIT_KIN_KAAN_OPT
V_FRONT_PASSIVE_N	Vpss|Tpres|Ppe4	{MB}nään	V_FRONT_CLIT_S_OPT
V_FRONT_PASSIVE_N	Vpss|Tpres|Ppe4|Uarch	{MB}nähän	V_FRONT_CLIT_S_OPT
V_FRONT_PASSIVE_R	Vpss|Tpres|Ppe4|Ncon	{MB}rä	V_FRONT_CLIT_KIN_KAAN_OPT
V_FRONT_PASSIVE_R	Vpss|Tpres|Ppe4	{MB}rään	V_FRONT_CLIT_S_OPT
V_FRONT_PASSIVE_R	Vpss|Tpres|Ppe4|Uarch	{MB}rähän	V_FRONT_CLIT_S_OPT
V_FRONT_PASSIVE_T	Vpss|Tpres|Ppe4|Ncon	{MB}tä	V_FRONT_CLIT_KIN_KAAN_OPT
V_FRONT_PASSIVE_T	Vpss|Tpres|Ppe4	{MB}tään	V_FRONT_CLIT_S_OPT
V_FRONT_PASSIVE_T	Vpss|Tpres|Ppe4|Uarch	{MB}tähän	V_FRONT_CLIT_S_OPT
V_FRONT_PASSIVE	Vpss|Cva|Npl	{MB}tä{MB}vä{MB}t	#
V_FRONT_PASSIVE	Vpss|Cva|Nsg	{MB}tä{MB}vä	#
V_FRONT_PASSIVE	Vpss|Ie|Xine	{MB}tä{MB}e{MB}ssä	V_FRONT_CLIT_OPT
V_FRONT_PASSIVE	Vpss|Ie|Xins	{MB}tä{MB}e{MB}n	V_FRONT_CLIT_OPT
V_FRONT_PASSIVE	Vpss|Ima|Xins	{MB}tä{MB}mä{MB}n	V_FRONT_CLIT_OPT
V_FRONT_PASSIVE	Vpss|Tcond|Ppe4|Ncon	{MB}tä{MB}isi	V_FRONT_CLIT_KIN_KAAN_OPT
V_FRONT_PASSIVE	Vpss|Tcond|Ppe4	{MB}tä{MB}isi{MB}in	V_FRONT_CLIT_OPT
V_FRONT_PASSIVE	Vpss|Timp|Ppe4|Ncon	{MB}tä{MB}kö	V_FRONT_CLIT_KIN_KAAN_OPT
V_FRONT_PASSIVE	Vpss|Timp|Ppe4	{MB}tä{MB}köön	V_FRONT_CLIT_OPT
V_FRONT_PASSIVE	Vpss|Timp|Ppe4|Uarch	{MB}tä{MB}köhön	V_FRONT_CLIT_OPT
V_FRONT_PASSIVE	Vpss|Tpast|Ppe4	{MB}ti{MB}in	V_FRONT_CLIT_OPT
V_FRONT_PASSIVE	Vpss|Tpot|Ppe4|Ncon	{MB}tä{MB}ne	V_FRONT_CLIT_KIN_KAAN_OPT
V_FRONT_PASSIVE	Vpss|Tpot|Ppe4	{MB}täne{MB}en	V_FRONT_CLIT_OPT
V_FRONT_PASSIVE	Vpss|Tpot|Ppe4|Uarch	{MB}täne{MB}hen	V_FRONT_CLIT_OPT
V_FRONT_POSS_AN	O3	{MB}än	V_FRONT_CLIT_OPT
V_FRONT_POSS_AN	O3|Uarch	{MB}hän	V_FRONT_CLIT_OPT
V_FRONT_POSS_AN_OBL			V_FRONT_POSS	V_FRONT_POSS_AN
V_FRONT_POSS_AN_OPT			V_FRONT_POSS	V_FRONT_POSS_AN	V_FRONT_CLIT_OPT
V_FRONT_POSS_EN	O3	{MB}en	V_FRONT_CLIT_OPT
V_FRONT_POSS_EN	O3|Uarch	{MB}hen	V_FRONT_CLIT_OPT
V_FRONT_POSS_EN_OBL			V_FRONT_POSS	V_FRONT_POSS_EN
V_FRONT_POSS	O3	{MB}nsä	V_FRONT_CLIT_OPT
V_FRONT_POSS	Opl1	{MB}mme	V_FRONT_CLIT_OPT
V_FRONT_POSS	Opl2	{MB}nne	V_FRONT_CLIT_OPT
V_FRONT_POSS	Osg1	{MB}ni	V_FRONT_CLIT_OPT
V_FRONT_POSS	Osg2	{MB}si	V_FRONT_CLIT_OPT
V_FRONT_POTENTIAL_L	Dnut	{DB}l	A_ÄLLISTYNYT
V_FRONT_POTENTIAL_L	Vact|Cnut|Npl	{MB}lee{MB}t	#
V_FRONT_POTENTIAL_L	Vact|Cnut|Npl|Uarch	{MB}lehe{MB}t	#
V_FRONT_POTENTIAL_L	Vact|Cnut|Nsg	{MB}lyt	#
V_FRONT_POTENTIAL_L	Vact|Cnut|Nsg|Udial	{MB}ly	#
V_FRONT_POTENTIAL_L	Vact|Tpast|Npl|Ncon	{MB}lee{MB}t	V_FRONT_CLIT_KIN_KAAN_OPT
V_FRONT_POTENTIAL_L	Vact|Tpast|Npl|Ncon|Uarch	{MB}lehe{MB}t	V_FRONT_CLIT_KIN_KAAN_OPT
V_FRONT_POTENTIAL_L	Vact|Tpast|Nsg|Ncon	{MB}lyt	V_FRONT_CLIT_KIN_KAAN_OPT
V_FRONT_POTENTIAL_L	Vact|Tpast|Nsg|Ncon|Udial	{MB}ly	V_FRONT_CLIT_KIN_KAAN_OPT
V_FRONT_POTENTIAL_L	Vact|Tpot|Ncon	{MB}le	V_FRONT_CLIT_KIN_KAAN_OPT
V_FRONT_POTENTIAL_L	Vact|Tpot|Ppl1	{MB}le{MB}mme	V_FRONT_CLIT_OPT
V_FRONT_POTENTIAL_L	Vact|Tpot|Ppl2	{MB}le{MB}tte	V_FRONT_CLIT_OPT
V_FRONT_POTENTIAL_L	Vact|Tpot|Ppl3	{MB}le{MB}vät	V_FRONT_CLIT_OPT
V_FRONT_POTENTIAL_L	Vact|Tpot|Psg1	{MB}le{MB}n	V_FRONT_CLIT_OPT
V_FRONT_POTENTIAL_L	Vact|Tpot|Psg2	{MB}le{MB}t	V_FRONT_CLIT_OPT
V_FRONT_POTENTIAL_L	Vact|Tpot|Psg3	{MB}le{MB}e	V_FRONT_CLIT_OPT
V_FRONT_POTENTIAL_N	Dnut	{DB}n	A_ÄLLISTYNYT
V_FRONT_POTENTIAL_N	Vact|Cnut|Npl	{MB}nee{MB}t	#
V_FRONT_POTENTIAL_N	Vact|Cnut|Npl|Uarch	{MB}nehe{MB}t	#
V_FRONT_POTENTIAL_N	Vact|Cnut|Nsg	{MB}nyt	#
V_FRONT_POTENTIAL_N	Vact|Cnut|Nsg|Udial	{MB}ny	#
V_FRONT_POTENTIAL_N	Vact|Tpast|Npl|Ncon	{MB}nee{MB}t	V_FRONT_CLIT_KIN_KAAN_OPT
V_FRONT_POTENTIAL_N	Vact|Tpast|Npl|Ncon|Uarch	{MB}nehe{MB}t	V_FRONT_CLIT_KIN_KAAN_OPT
V_FRONT_POTENTIAL_N	Vact|Tpast|Nsg|Ncon	{MB}nyt	V_FRONT_CLIT_KIN_KAAN_OPT
V_FRONT_POTENTIAL_N	Vact|Tpast|Nsg|Ncon|Udial	{MB}ny	V_FRONT_CLIT_KIN_KAAN_OPT
V_FRONT_POTENTIAL_N	Vact|Tpot|Ncon	{MB}ne	V_FRONT_CLIT_KIN_KAAN_OPT
V_FRONT_POTENTIAL_N	Vact|Tpot|Ppl1	{MB}ne{MB}mme	V_FRONT_CLIT_OPT
V_FRONT_POTENTIAL_N	Vact|Tpot|Ppl2	{MB}ne{MB}tte	V_FRONT_CLIT_OPT
V_FRONT_POTENTIAL_N	Vact|Tpot|Ppl3	{MB}ne{MB}vät	V_FRONT_CLIT_OPT
V_FRONT_POTENTIAL_N	Vact|Tpot|Psg1	{MB}ne{MB}n	V_FRONT_CLIT_OPT
V_FRONT_POTENTIAL_N	Vact|Tpot|Psg2	{MB}ne{MB}t	V_FRONT_CLIT_OPT
V_FRONT_POTENTIAL_N	Vact|Tpot|Psg3	{MB}ne{MB}e	V_FRONT_CLIT_OPT
V_FRONT_POTENTIAL_R	Dnut	{DB}r	A_ÄLLISTYNYT
V_FRONT_POTENTIAL_R	Vact|Cnut|Npl	{MB}ree{MB}t	#
V_FRONT_POTENTIAL_R	Vact|Cnut|Npl|Uarch	{MB}rehe{MB}t	#
V_FRONT_POTENTIAL_R	Vact|Cnut|Nsg	{MB}ryt	#
V_FRONT_POTENTIAL_R	Vact|Cnut|Nsg|Udial	{MB}ry	#
V_FRONT_POTENTIAL_R	Vact|Tpast|Npl|Ncon	{MB}ree{MB}t	V_FRONT_CLIT_KIN_KAAN_OPT
V_FRONT_POTENTIAL_R	Vact|Tpast|Npl|Ncon|Uarch	{MB}rehe{MB}t	V_FRONT_CLIT_KIN_KAAN_OPT
V_FRONT_POTENTIAL_R	Vact|Tpast|Nsg|Ncon	{MB}ryt	V_FRONT_CLIT_KIN_KAAN_OPT
V_FRONT_POTENTIAL_R	Vact|Tpast|Nsg|Ncon|Udial	{MB}ry	V_FRONT_CLIT_KIN_KAAN_OPT
V_FRONT_POTENTIAL_R	Vact|Tpot|Ncon	{MB}re	V_FRONT_CLIT_KIN_KAAN_OPT
V_FRONT_POTENTIAL_R	Vact|Tpot|Ppl1	{MB}re{MB}mme	V_FRONT_CLIT_OPT
V_FRONT_POTENTIAL_R	Vact|Tpot|Ppl2	{MB}re{MB}tte	V_FRONT_CLIT_OPT
V_FRONT_POTENTIAL_R	Vact|Tpot|Ppl3	{MB}re{MB}vät	V_FRONT_CLIT_OPT
V_FRONT_POTENTIAL_R	Vact|Tpot|Psg1	{MB}re{MB}n	V_FRONT_CLIT_OPT
V_FRONT_POTENTIAL_R	Vact|Tpot|Psg2	{MB}re{MB}t	V_FRONT_CLIT_OPT
V_FRONT_POTENTIAL_R	Vact|Tpot|Psg3	{MB}re{MB}e	V_FRONT_CLIT_OPT
V_FRONT_POTENTIAL_S	Dnut	{DB}s	A_ÄLLISTYNYT
V_FRONT_POTENTIAL_S	Vact|Cnut|Npl	{MB}see{MB}t	#
V_FRONT_POTENTIAL_S	Vact|Cnut|Npl|Uarch	{MB}sehe{MB}t	#
V_FRONT_POTENTIAL_S	Vact|Cnut|Nsg	{MB}syt	#
V_FRONT_POTENTIAL_S	Vact|Cnut|Nsg|Udial	{MB}sy	#
V_FRONT_POTENTIAL_S	Vact|Tpast|Npl|Ncon	{MB}see{MB}t	V_FRONT_CLIT_KIN_KAAN_OPT
V_FRONT_POTENTIAL_S	Vact|Tpast|Npl|Ncon|Uarch	{MB}sehe{MB}t	V_FRONT_CLIT_KIN_KAAN_OPT
V_FRONT_POTENTIAL_S	Vact|Tpast|Nsg|Ncon	{MB}syt	V_FRONT_CLIT_KIN_KAAN_OPT
V_FRONT_POTENTIAL_S	Vact|Tpast|Nsg|Ncon|Udial	{MB}sy	V_FRONT_CLIT_KIN_KAAN_OPT
V_FRONT_POTENTIAL_S	Vact|Tpot|Ncon	{MB}se	V_FRONT_CLIT_KIN_KAAN_OPT
V_FRONT_POTENTIAL_S	Vact|Tpot|Ppl1	{MB}se{MB}mme	V_FRONT_CLIT_OPT
V_FRONT_POTENTIAL_S	Vact|Tpot|Ppl2	{MB}se{MB}tte	V_FRONT_CLIT_OPT
V_FRONT_POTENTIAL_S	Vact|Tpot|Ppl3	{MB}se{MB}vät	V_FRONT_CLIT_OPT
V_FRONT_POTENTIAL_S	Vact|Tpot|Psg1	{MB}se{MB}n	V_FRONT_CLIT_OPT
V_FRONT_POTENTIAL_S	Vact|Tpot|Psg2	{MB}se{MB}t	V_FRONT_CLIT_OPT
V_FRONT_POTENTIAL_S	Vact|Tpot|Psg3	{MB}se{MB}e	V_FRONT_CLIT_OPT
V_FRONT_STRONG_PAST	Vact|Tpast|Ppl3	{MB}i{MB}vät	V_FRONT_CLIT_OPT
V_FRONT_STRONG_PAST	Vact|Tpast|Psg3	{MB}i	V_FRONT_CLIT_OPT
V_FRONT_STRONG_PRESENT	Vact|Dmaisilla	{DB}mäisillä	V_FRONT_POSS_AN_OBL
V_FRONT_STRONG_PRESENT	Vact|Ima|Xabe	{MB}mä{MB}ttä	V_FRONT_POSS_AN_OPT
V_FRONT_STRONG_PRESENT	Vact|Ima|Xade	{MB}mä{MB}llä	V_FRONT_CLIT_OPT
V_FRONT_STRONG_PRESENT	Vact|Ima|Xela	{MB}mä{MB}stä	V_FRONT_CLIT_OPT
V_FRONT_STRONG_PRESENT	Vact|Ima|Xill	{MB}mä{MB}än	V_FRONT_CLIT_OPT
V_FRONT_STRONG_PRESENT	Vact|Ima|Xill|Uarch	{MB}mä{MB}hän	V_FRONT_CLIT_OPT
V_FRONT_STRONG_PRESENT	Vact|Ima|Xine	{MB}mä{MB}ssä	V_FRONT_CLIT_OPT
V_FRONT_STRONG_PRESENT	Vact|Ima|Xins	{MB}mä	V_FRONT_POSS
V_FRONT_STRONG_PRESENT	Vact|Ima|Xins	{MB}mä{MB}n	V_FRONT_CLIT_OPT
V_FRONT_STRONG_PRESENT	Vact|Tpres|Ppl3	{MB}vät	V_FRONT_CLIT_OPT
V_FRONT_TUPCP_0	Dtu	{DB}	A_YLENNETTY
V_FRONT_TUPCP_0	Vpss|Cnut|Npl	{MB}y{MB}t	#
V_FRONT_TUPCP_0	Vpss|Cnut|Nsg	{MB}ty	#
V_FRONT_TUPCP_0	Vpss|Tpast|Ppe4|Ncon	{MB}ty	V_FRONT_CLIT_KIN_KAAN_OPT
V_FRONT_TUPCP_D	Dtu	{DB}	A_YKSILÖITY
V_FRONT_TUPCP_D	Vpss|Cnut|Npl	{MB}dy{MB}t	#
V_FRONT_TUPCP_D	Vpss|Cnut|Nsg	{MB}ty	#
V_FRONT_TUPCP_D	Vpss|Tpast|Ppe4|Ncon	{MB}ty	V_FRONT_CLIT_KIN_KAAN_OPT
V_FRONT_TUPCP_L	Dtu	{DB}	A_VÄHÄTELTY
V_FRONT_TUPCP_L	Vpss|Cnut|Npl	{MB}ly{MB}t	#
V_FRONT_TUPCP_L	Vpss|Cnut|Nsg	{MB}ty	#
V_FRONT_TUPCP_L	Vpss|Tpast|Ppe4|Ncon	{MB}ty	V_FRONT_CLIT_KIN_KAAN_OPT
V_FRONT_TUPCP_N	Dtu	{DB}	A_MENTY
V_FRONT_TUPCP_N	Vpss|Cnut|Npl	{MB}ny{MB}t	#
V_FRONT_TUPCP_N	Vpss|Cnut|Nsg	{MB}ty	#
V_FRONT_TUPCP_N	Vpss|Tpast|Ppe4|Ncon	{MB}ty	V_FRONT_CLIT_KIN_KAAN_OPT
V_FRONT_TUPCP_R	Dtu	{DB}	A_PIERTY
V_FRONT_TUPCP_R	Vpss|Cnut|Npl	{MB}ry{MB}t	#
V_FRONT_TUPCP_R	Vpss|Cnut|Nsg	{MB}ty	#
V_FRONT_TUPCP_R	Vpss|Tpast|Ppe4|Ncon	{MB}ty	V_FRONT_CLIT_KIN_KAAN_OPT
V_FRONT_TUPCP_STRONG	Dtu	{DB}ty	A_HÄPÄISTY
V_FRONT_TUPCP_STRONG	Vpss|Cnut|Npl	{MB}ty{MB}t	#
V_FRONT_TUPCP_STRONG	Vpss|Cnut|Nsg	{MB}ty	#
V_FRONT_TUPCP_STRONG	Vpss|Tpast|Ppe4|Ncon	{MB}ty	V_FRONT_CLIT_KIN_KAAN_OPT
V_FRONT_WEAK_PAST			V_WEAK_PAST_DIAL_CLIT_KS
V_FRONT_WEAK_PAST	Vact|Tpast|Ppl1	{MB}i{MB}mme	V_FRONT_CLIT_OPT
V_FRONT_WEAK_PAST	Vact|Tpast|Ppl2	{MB}i{MB}tte	V_FRONT_CLIT_OPT
V_FRONT_WEAK_PAST	Vact|Tpast|Psg1	{MB}i{MB}n	V_FRONT_CLIT_OPT
V_FRONT_WEAK_PAST	Vact|Tpast|Psg2	{MB}i{MB}t	V_FRONT_CLIT_OPT
V_FRONT_WEAK_PRESENT			V_WEAK_PRESENT_DIAL_CLIT_KS
V_FRONT_WEAK_PRESENT	Vact|Timp|Psg2		V_FRONT_CLIT_S_OPT
V_FRONT_WEAK_PRESENT	Vact|Tpres|Ncon		V_FRONT_CLIT_KIN_KAAN_OPT
V_FRONT_WEAK_PRESENT	Vact|Tpres|Ppl1	{MB}mme	V_FRONT_CLIT_OPT
V_FRONT_WEAK_PRESENT	Vact|Tpres|Ppl2	{MB}tte	V_FRONT_CLIT_OPT
V_FRONT_WEAK_PRESENT	Vact|Tpres|Psg1	{MB}n	V_FRONT_CLIT_OPT
V_FRONT_WEAK_PRESENT	Vact|Tpres|Psg2	{MB}t	V_FRONT_CLIT_OPT
V_WEAK_PAST_DIAL_CLIT_KS	Vact|Tpast|Psg1|Qko|Udial	{MB}i{MB}ks	#
V_WEAK_PAST_DIAL_CLIT_KS	Vact|Tpast|Psg2|Qko|Udial	{MB}i{MB}ks	#
V_WEAK_PRESENT_DIAL_CLIT_KS	Vact|Tpres|Psg1|Qko|Udial	{MB}ks	#
V_WEAK_PRESENT_DIAL_CLIT_KS	Vact|Tpres|Psg2|Qko|Udial	{MB}ks	#
